title,price,rating,reviews,availabillity
"Amazon Elements Baby Wipes, Sensitive, 810 Count, Flip-Top Packs, Pack of 9",,4.7 out of 5 stars,"34,088 ratings",In Stock
"Pampers Sensitive Baby Wipes, Water Based, Hypoallergenic and Unscented, 8 Flip-Top Packs, 4 Refill Packs (1008 Wipes Total) [Packaging May Vary]",,4.7 out of 5 stars,"5,581 ratings",In Stock
"WaterWipes Plastic-Free Original Baby Wipes, 99.9% Water Based Wipes, Unscented & Hypoallergenic for Sensitive Skin, 60 Count (Pack of 12), Packaging May Vary",,4.7 out of 5 stars,"74,587 ratings",In Stock
Hello Bello Extra Gentle Unscented Baby Wipes - Plant Based - Made with 99% Water and Aloe for Babies and Kids - 720 Count,,4.6 out of 5 stars,305 ratings,
"Huggies Natural Care Sensitive Baby Wipes, Unscented, Hypoallergenic, 99% Purified Water, 8 Flip-Top Packs (448 Wipes Total)",,4.8 out of 5 stars,"97,033 ratings",In Stock
"Huggies Simply Clean Fragrance-Free Baby Wipes, Unscented Diaper Wipes, 64 Count(Pack of 11) (704 Wipes Total)",,4.7 out of 5 stars,"58,591 ratings",In Stock
"Pampers Sensitive Baby Wipes, Water Based, Hypoallergenic and Unscented, 4 Flip-Top Packs (336 Wipes Total) [Packaging May Vary]",,4.8 out of 5 stars,"58,429 ratings",In Stock
"WaterWipes Plastic-Free Original Baby Wipes, 99.9% Water Based Wipes, Unscented & Hypoallergenic for Sensitive Skin, 60 Count (Pack of 12), Packaging May Vary",,4.7 out of 5 stars,"74,587 ratings",In Stock
"Pampers Sensitive Baby Wipes, Water Based, Hypoallergenic and Unscented, 8 Flip-Top Packs, 4 Refill Packs (1008 Wipes Total) [Packaging May Vary]",,4.7 out of 5 stars,"5,581 ratings",In Stock
"WaterWipes Plastic-Free Textured Clean, Toddler & Baby Wipes, 99.9% Water Based Wipes, Unscented & Hypoallergenic for Sensitive Skin, 540 Count (9 packs), Packaging May Vary",,4.7 out of 5 stars,"13,832 ratings",In Stock
Hello Bello Extra Gentle Unscented Baby Wipes - Plant Based - Made with 99% Water and Aloe for Babies and Kids - 720 Count,,4.6 out of 5 stars,305 ratings,
"Baby Wipes, Momcozy Water Wipes-Extra Large Size Design, 99% Water Based Wipes & a Drop of Coconut Extract, Cleansing & Moisturizing Baby Wipes for Sensitive Skin, Unscented, 240 Count (4 packs)",,4.6 out of 5 stars,973 ratings,In Stock
"Amazon Elements Baby Wipes, Unscented, 810 Count, Flip-Top Packs, Pack of 9",,4.7 out of 5 stars,"44,241 ratings",In Stock
"Pampers Baby Clean Wipes, Baby Fresh Scented, 1 Flip-Top Pack (72 Wipes Total)",,4.6 out of 5 stars,"2,847 ratings",In Stock
"Amazon Elements Baby Wipes, Sensitive, 810 Count, Flip-Top Packs, Pack of 9",,4.7 out of 5 stars,"34,088 ratings",In Stock
"Amazon Elements Baby Wipes, Unscented, 810 Count, Flip-Top Packs, Pack of 9",,4.7 out of 5 stars,"44,241 ratings",In Stock
"Pampers Aqua Pure Sensitive Baby Wipes, 99% Water, Hypoallergenic, Unscented, 12 Flip-Top Packs (672 Wipes Total) [Packaging May Vary]",,4.9 out of 5 stars,"2,650 ratings",In Stock
"Joonya Baby Wipes - Non-Toxic, Earth-Friendly Baby Wipes for Calm, Healthy Skin - Fragrance Free Baby Wipes - Bulk Baby Wipes - 3 Packs of 80 Diaper Wipes (240)",,4.6 out of 5 stars,159 ratings,In Stock
"Pura Baby Wipes - 3 x 60 per pack (180 Wipes) 100% Plastic-Free & Plant Based Wipes, 99% Water, Suitable for Sensitive & Eczema-prone Skin, Fragrance Free & Hypoallergenic, EWG, Cruelty Free",,4.0 out of 5 stars,720 ratings,In Stock
"Pampers Baby Clean Wipes, Baby Fresh Scented, 12 Flip-Top Packs (864 Wipes Total)",,4.8 out of 5 stars,102 ratings,In Stock
"Huggies Natural Care Refreshing Baby Wipes, Hypoallergenic, Scented, 6 Flip-Top Packs (288 Wipes Total)",,4.8 out of 5 stars,"6,832 ratings",In Stock
"Amazon Elements Baby Wipes, Fresh, 810 Count, Flip-Top Packs, Pack of 9",,4.7 out of 5 stars,"15,259 ratings",In Stock
"Huggies Simply Clean Fresh Scent Baby Wipes, 3 Flip-Top Packs of 64 (192 Wipes Total)",,4.7 out of 5 stars,66 ratings,In Stock
"DUDE Wipes - Flushable Wipes - 6 Pack, 288 Wipes - Shea BUTTer Smooth Extra-Large Adult Wet Wipes - Vitamin-E & Aloe - Septic and Sewer Safe",,4.7 out of 5 stars,"142,784 ratings",In Stock
"Kinder by Nature Plant Based Baby Wipes - 100% Biodegradable & Compostable, 672 Count (12 Packs of 56) - 99% Plant-Based Ingredients, Plastic-Free Wipes",,4.5 out of 5 stars,406 ratings,In Stock
"Niki's Natural Baby Wipes | Organic Baby Wipes Sensitive | Made with Manuka Honey and Coconut Oil, Unscented | EWG Verified | 744 Wipes (12 Pack x 62 Count Wipes) Baby Wipes Bulk",,4.6 out of 5 stars,564 ratings,In Stock
Cuties Baby Wipes | Unscented & Hypoallergenic | 12 Soft-Packs | 864 Total Wipes,,4.6 out of 5 stars,995 ratings,In Stock
"Amazon Brand - Mama Bear 99% Water Baby Wipes, Hypoallergenic, Fragrance Free, 432 Count (6 Packs of 72)",,4.7 out of 5 stars,"19,139 ratings",In Stock
"Pampers Baby Clean Wipes Combo, Baby Fresh Scented, 8 Flip-Top Packs, 8 Refill Packs (1152 Wipes Total)",,4.6 out of 5 stars,"14,236 ratings",In Stock
"Pampers Aqua Pure Sensitive Baby Wipes, 99% Water, Hypoallergenic, Unscented, 8 Flip-Top Packs (448 Wipes Total) [Packaging May Vary]",,4.9 out of 5 stars,"4,575 ratings",In Stock
"Amazon Brand - Mama Bear Gentle Fragrance Free Baby Wipes, Hypoallergenic, 800 Count (8 Packs of 100)",,4.5 out of 5 stars,"13,254 ratings",In Stock
"The Honest Company Clean Conscious Unscented Wipes | Over 99% Water, Compostable, Plant-Based, Baby Wipes | Hypoallergenic for Sensitive Skin, EWG Verified | Pattern Play, 576 Count",,4.8 out of 5 stars,"3,889 ratings",In Stock
"Huggies Natural Care Sensitive Baby Wipes, Hypoallergenic, 99% Purified Water, 3 Refill Packs (624 Wipes Total)",,4.8 out of 5 stars,"15,367 ratings",In Stock
"The Honest Company Clean Conscious Unscented Wipes | Over 99% Water, Compostable, Plant-Based, Baby Wipes | Hypoallergenic for Sensitive Skin, EWG Verified | Pattern Play, 720 Count",,4.9 out of 5 stars,"5,713 ratings",In Stock
"The Honest Company Clean Conscious Unscented Wipes | Over 99% Water, Compostable, Plant-Based, Baby Wipes | Hypoallergenic for Sensitive Skin, EWG Verified | Pattern Play, 288 Count",,4.8 out of 5 stars,"2,170 ratings",In Stock
"Kirkland Baby Wipes Unscented, 100 Count (Pack of 9)",,4.8 out of 5 stars,"3,095 ratings",Only 7 left in stock - order soon.
"WaterWipes Plastic-Free Original Baby Wipes, 99.9% Water Based Wipes, Unscented & Hypoallergenic for Sensitive Skin, 180 Count (3 packs), Packaging May Vary",,4.7 out of 5 stars,"74,587 ratings",In Stock
"Huggies Nourish Scented Baby Wipes, 6 Push Button Packs (336 Wipes Total)",,4.8 out of 5 stars,"1,658 ratings",In Stock
"Huggies Natural Care Sensitive Baby Wipes, Unscented, Hypoallergenic, 99% Purified Water, 1 Refill Pack (184 Wipes Total)",,4.7 out of 5 stars,622 ratings,In Stock
"Pura Baby Wipes - 100% Plastic-Free & Plant Based Wipes, 99% Water, Suitable for Sensitive & Eczema-prone Skin, Fragrance Free & Hypoallergenic, Cruelty Free, EWG Verified, 1 Pack of 60 Wet Wipes",,4.0 out of 5 stars,720 ratings,In Stock
Seventh Generation Baby Wipes Sensitive Protection with Snap Seal Diaper Wipes 768 Count,,4.7 out of 5 stars,"9,037 ratings",In Stock
"Ricitos de Oro Baby Wipes, Chamomile and Aloe Vera Refillable Baby Wipes, Moisturize and Clean Baby, Lightly Scented, Hypoallergenic, Alcohol-Fee, 6-Pack of 80 wipes each one (480 wipes)",,3.5 out of 5 stars,895 ratings,In Stock
"Babyganics Baby Wipes, Unscented Diaper Wipes , 400 Count, (5 Packs of 80), Non-Allergenic and formulated with Plant Derived Ingredients",,4.5 out of 5 stars,"8,007 ratings",In Stock
"Babyganics Unscented Diaper Wipes, 800 Count, (10 Packs of 80), Non-Allergenic and formulated with Plant Derived Ingredients",,4.5 out of 5 stars,"8,151 ratings",In Stock
"Huggies Baby Wipes Natural Care with Aloe Vera, 56 Count (Pack of 4)",,4.6 out of 5 stars,"8,866 ratings",In Stock
Jackson Reece Kinder by Nature Water-Based Baby Wipes - 56 Count (Case of 12 packs),,4.4 out of 5 stars,"1,329 ratings",In Stock
"The Honest Company Clean Conscious Unscented Wipes | Over 99% Water, Compostable, Plant-Based, Baby Wipes | Hypoallergenic for Sensitive Skin, EWG Verified | Rose Blossom, 576 Count",,4.8 out of 5 stars,"3,637 ratings",In Stock
KIRKLAND Signature Baby Wipes (900 Wipes),,4.8 out of 5 stars,920 ratings,Only 7 left in stock - order soon.
"Huggies Natural Care Refreshing Baby Wipes, Hypoallergenic, Scented, 56 Count(Pack of 3)",,4.8 out of 5 stars,"33,269 ratings",In Stock
"Burt’s Bees Baby Wipes, Unscented Natural Baby Wipes for Sensitive Skin with Aloe and Vitamin E - 72 Wipes – 10 Pack",,4.4 out of 5 stars,456 ratings,In Stock
"Pampers Swaddlers Sweet Dreams Baby Wipes, Soothing Lavender, 12 Flip-Top Packs, 56 Count (Pack of 12) ( Total 672 Wipes Total)",,4.8 out of 5 stars,"1,328 ratings",In Stock
Yugi Green Baby Wipes Unscented Compostable Biodegradable and Organic– Value Pack (12 Packs of 72) 864 for Sensitive Skin & Nose,,4.5 out of 5 stars,951 ratings,In Stock
"Huggies Calm Baby Wipes, Unscented, Hypoallergenic, 6 Push Button Packs (336 Wipes Total)",,4.8 out of 5 stars,"1,337 ratings",In Stock
"MED PRIDE Unscented Baby Wipes Bulk [24 Packs x 80 Wipes=1920 Wipes Total]- Alcohol-Free Baby Wipes With Soothing Aloe Vera & Vitamin E- Extra Soft & Strong, Paraben-Free, Non-Irritating",,4.4 out of 5 stars,41 ratings,In Stock
"Baby Wipes, Momcozy Water Wipes-Extra Large Size Design, 99% Water Based Wipes & a Drop of Coconut Extract, Cleansing & Moisturizing Baby Wipes for Sensitive Skin, Unscented, 240 Count (4 packs)",,4.6 out of 5 stars,973 ratings,In Stock
"The Honest Company Clean Conscious Unscented Wipes | Over 99% Water, Compostable, Plant-Based, Baby Wipes | Hypoallergenic for Sensitive Skin, EWG Verified | Pattern Play, 10 Count",,4.6 out of 5 stars,"1,218 ratings",In Stock
"The Honest Company Clean Conscious Unscented Wipes | Over 99% Water, Compostable, Plant-Based, Baby Wipes | Hypoallergenic for Sensitive Skin, EWG Verified | Rose Blossom, 288 Count",,4.8 out of 5 stars,"2,558 ratings",In Stock
"Kinder by Nature Plant Based Baby Wipes - 100% Biodegradable & Compostable, 672 Count (12 Packs of 56) - 99% Plant-Based Ingredients, Plastic-Free Wipes",,4.5 out of 5 stars,406 ratings,In Stock
DYPER Viscose from Bamboo Baby Wet Wipes | 99.9% Water Unscented for Sensitive Newborn Skin | Hypoallergenic | Honest Ingredients | Made with Plant-Based* Materials | Face & Hand | Pack of 5,,4.5 out of 5 stars,877 ratings,In Stock
Cuties Baby Wipes | Unscented & Hypoallergenic | 12 Soft-Packs | 864 Total Wipes,,4.6 out of 5 stars,995 ratings,In Stock
"WaterWipes Plastic-Free Textured Clean, Toddler & Baby Wipes, 99.9% Water Based Wipes, Unscented & Hypoallergenic for Sensitive Skin, 240 Count (4 packs), Packaging May Vary",,4.7 out of 5 stars,"13,832 ratings",In Stock
"Caboo Tree Free Baby Wipes, Eco-Friendly Naturally Derived Baby Wipes for Sensitive Skin, 6 Resealable Peel Tab Travel Packs, 72 Wipes Per Pack, Total of 432 Wipes",,4.5 out of 5 stars,10 ratings,In Stock
"Seventh Generation Baby Wipes, Sensitive Protection with Flip Top Dispenser, White, unscented, 72 Count (Pack of 7) (Packaging May Vary)",,4.7 out of 5 stars,"4,650 ratings",In Stock
"The Honest Company Clean Conscious Unscented Wipes | Over 99% Water, Compostable, Plant-Based, Baby Wipes | Hypoallergenic for Sensitive Skin, EWG Verified | Geo Mood, 648 Count",,4.7 out of 5 stars,57 ratings,In Stock
"Parasol Clean+Pure Natural Baby Wipes 99% RO, pH Balanced, Hypoallergenic Formula Baby Wipes Plant-Based Alcohol Free Baby Wipes, Perfect for Sensitive Skin 60 Wipes Per Pack, Pack of 10",,4.5 out of 5 stars,136 ratings,In Stock
"Pampers Sensitive Baby Wipes, Water Based, Hypoallergenic and Unscented, 8 Flip-Top Packs, 4 Refill Packs (1008 Wipes Total) [Packaging May Vary]",,4.7 out of 5 stars,"5,581 ratings",In Stock
"Winner 100% USA Cotton Dry Wipes | 600 Count Ultra Soft Face Towels | Wet and Dry Use | Unscented and Hypoallergenic | Baby Necessities for Diaper Changes, Meals, and On-the-go Cleanup",,4.4 out of 5 stars,247 ratings,In Stock
Hello Bello Extra Gentle Unscented Baby Wipes - Plant Based - Made with 99% Water and Aloe for Babies and Kids - 720 Count,,4.6 out of 5 stars,305 ratings,
"WaterWipes Plastic-Free Textured Clean, Toddler & Baby Wipes, 99.9% Water Based Wipes, Unscented & Hypoallergenic for Sensitive Skin, 720 Count (12 packs), Packaging May Vary",,4.7 out of 5 stars,"13,832 ratings",In Stock
"Wipemate Huge 80/Pack Baby Wipes 99% Water Plant Based! Ultra-Gentle Soft Wipe, Alcohol-Free, pH-Balanced, Dermatologically Tested, Hypoallergenic, Fragrance-Free Flip-Top Lid (480 Count)",,4.7 out of 5 stars,330 ratings,In Stock
